category	name	address	google_place_id
attractions	ArtSLAM at Bradenton Riverwalk	(no address in FSQ)	ChIJY3qV_tYXw4gRoy-jOe1OAo4
attractions	Asolo Repertory Theatre	5555 N Tamiami Trl	ChIJlXJqE9k_w4gRySJ2BPEXcR0
attractions	Bay Indies - Bay House Pool	(no address in FSQ)	ChIJQwg-91Jaw4gRU5HdBO-u8CU
attractions	Bayfront Yacht Works and Marina	8865 Midnight Pass Rd	ChIJA4xMia1Dw4gRTrT57btYdzc
attractions	Bee Ridge Park	3100-3148 Wilkinson Rd	ChIJ08zZpRpBw4gRiDJBlBXfAHw
attractions	Big Cat Habitat & Gulf Coast Sanctuary	7101 Palmer Blvd	ChIJNxf8h55Hw4gRSaBE_mEdfxo
attractions	Bird Key Yacht Club	301 Bird Key Dr	ChIJF1OdFCdAw4gR_3TQXBjFjPQ
attractions	Blackburn Point Park	(no address in FSQ)	ChIJD7cZSFBDw4gRsEpfMoip9BE
attractions	Blue Ridge Park	2155 Ridgewood Dr	ChIJPSh7g6-s3IgROUqupmIgQ8M
attractions	Bob Gardner Community Park	2710 White Eagle Blvd	ChIJn79uD1s6w4gR2VbHR5rFDGU
attractions	Bobby Jones Golf Club	1000 Circus Blvd	ChIJR0-AwqdAw4gR6McIzffF4BA
attractions	Bowlero	4208 Cortez Rd W	ChIJObkCSmIWw4gRQDAhWKrjxxU
attractions	Bowlero	7221 S Tamiami Trl	ChIJVaN0nNZDw4gRZr-D4qxm-oo
attractions	Braden River Park	(no address in FSQ)	ChIJhaFa_yE8w4gRO3UanoqVLv8
attractions	Bradenton Beach Marina	(no address in FSQ)	ChIJwxTOi5sRw4gRe2ebpiNZrcs
attractions	Bradenton Yacht Club	4307 13th St W	ChIJEdWsSXEXw4gRpgNdaDgckZs
attractions	Buffalo Creek Park	(no address in FSQ)	ChIJWUyEEXojw4gRsFy9QmBgWq4
attractions	Butler Park	5793-6205 W Price Blvd	ChIJozoB105Tw4gRzglopArkt1w
attractions	Buttonwood Inlet RV Resort	12316 Cortez Road W	ChIJEUVs9HMRw4gRUaGFPlrxryc
attractions	Ca' d’Zan	5401 Bay Shore Rd	ChIJpXGK53VC24gRWMneFVtK6hY
attractions	Camelot East Village	6300 Queensbury Blvd	ChIJHdkh4ZJGw4gRttusUBlyz54
attractions	Camelot Lakes	5700 Camelot Lakes Pkwy	ChIJB8jiRJVGw4gRk_HiIAZQzQU
attractions	Camp Gladiator - Nathan Benderson Park	(no address in FSQ)	ChIJc-m14Rc5w4gRrnsNnZ8pRJY
attractions	Cannons Marina Boats	6040 Gulf of Mexico Dr	ChIJiS5Iw5UTw4gRfEiuwR8G20k
attractions	Canopy Walk	Myakka State Park Rd	ChIJE0_XXFVJw4gRroRqJ-TSTXg
attractions	Casey Key Marina	482 Blackburn Point Rd	ChIJv2U53UNDw4gRqf7-KgHAfyM
attractions	Celery Fields	100 Coburn Rd	ChIJ7-I5X4tHw4gRAK6g4JEha7M
attractions	Centennial Park	211-299 Tampa Ave W	ChIJu73by6Rbw4gR857K3YRfLQo
attractions	Cheetah Lounge	3939 N Washington Blvd	ChIJKSXbG5c_w4gRleoXwkGx-5I
attractions	Colonial Oaks Park	5300 Colonial Oaks Blvd	ChIJQQfiSiVHw4gRJCg2DzEVcho
attractions	Concession Golf Club	7700 Lindrick Ln	ChIJBRD-bPE2w4gRjabAT6CgdWA
attractions	Conservatory Park	8027 Conservatory Drive	ChIJezvwN98-w4gR9LoM9TPNCuQ
attractions	CoolToday Park	18800 S West Villages Pkwy	ChIJw39QsBpXw4gRt1QugbY5miM
attractions	Cortez Village Marina	12160 Cortez Rd	ChIJP-uN1nMRw4gRWqXPAPudIUA
attractions	Cut's Edge Harbor Marina	4000 10th St W	ChIJs1EQjXYXw4gR6e_D1g6-lFU
attractions	DICK'S Sporting Goods	4108 14th St W	ChIJ4VEiphYWw4gR7idoOy6VPfk
attractions	DICK'S Sporting Goods	181 N Cattlemen Rd	ChIJYUTNe7k5w4gRdhcqxrbHBNg
attractions	DICK'S Sporting Goods	18219 Tamiami Trl	ChIJ5yxVbRGr3IgR4tIpRvLYRW0
attractions	Dallas White Park	5834-5934 Greenwood Ave	ChIJD0ckhqNUw4gRAvHrRaqP-po
attractions	De Soto National Memorial	8300 Desoto Memorial Hwy	ChIJVcqB2MUQw4gRbN_T0WF8QEw
attractions	Deer Prairie Creek Preserve	7001 Forbes Trail	ChIJH4KtoA5Uw4gREg3LM44Iaic
attractions	Downtown Venice	(no address in FSQ)	ChIJHYWhzLpbw4gR-dyWVALZtfw
attractions	Fisherman's Wharf Marina	509 N Tamiami Trail	ChIJpZjB26Vbw4gRlSaN_9ahG-U
attractions	Five Below	18299 Tamiami Trl	ChIJhU944YZUw4gRK6AJBNoWLrU
attractions	Florida Railroad Museum	12210 83rd St E	ChIJ______8sw4gRMudh58gsGMU
attractions	Florida Studio Theatre	1241 N Palm Ave	ChIJrYGdKBJAw4gRafewzUWWYnk
attractions	Fort Hamer Park	1605 Fort Hamer Rd	ChIJu9V8cNY6w4gR14jQbFoNfsE
attractions	Freedom Boat Club	1005 Riverside Dr	ChIJvybRBcMXw4gR2SEjCjgz88k
attractions	Freedom Boat Club	990 Laguna Dr	ChIJnXzNg8tbw4gRaclRkVY4X04
attractions	G.T. Bray Park	5502 33rd Avenue Dr W	ChIJhW6JF_MWw4gRUxIRevnpN4k
attractions	Gamble Plantation Historic State Park	3708 Patten Ave	ChIJjZhUvSU9w4gRCuTRgyrctZA
attractions	Greenbrook Adventure Park	13400 Adventure PI.	ChIJ8UkA7pI5w4gRaYMt-S87XLQ
attractions	Gulf Harbor Marina	100 Circuit Rd	ChIJb-6_LXtbw4gR_ltoVVOlhvE
attractions	Gulf Harbor Marina	100 Circuit Rd	ChIJR6V7PkBbw4gREn4OHGp_E8A
attractions	Hidden Harbor Marina	(no address in FSQ)	ChIJzzanZcVDw4gR-toGS9h8PBI
attractions	Hidden Harbor Marina	(no address in FSQ)	ChIJyyLhc3VDw4gRHPQ8upO42n0
attractions	Highland Ridge Park	6225 Kenwood Ave	ChIJJYbrnZZUw4gRFKzCl5_yYpQ
attractions	Historic Spanish Point	337 N Tamiami Trl	ChIJNwQxUnFDw4gRlEruVgcCmu0
attractions	Holiday Cove RV Resort	(no address in FSQ)	ChIJsYFPIHIRw4gRTEv3RrEDyyU
attractions	Hunsader Farms	5500 County Road 675 E	ChIJMWVTQaQxw4gRJDnxrO5ER-A
attractions	Jiggs Landing	6106 63rd St E	ChIJq_OdjK4-w4gRHDtAsN8WP34
attractions	Keyes Marina	5501 Marina Dr	ChIJ1xoFMTYQw4gRmslQtAXM8A4
attractions	Keys Huka Dive	212 Casey Key Rd	ChIJw5GR_mev3IgR71o87IQ58xQ
attractions	Lake Manatee fish camp	(no address in FSQ)	ChIJD9-FOtUzw4gRUHyJorxDf9w
attractions	Linger Lodge RV Park	7205 85th Street Ct E	ChIJ7e4ZhRQ5w4gRPLCgElB9JEM
attractions	Livingston's	5947 Clark Center Ave	ChIJwXQNJk1Bw4gRJRP61Kgtuv8
attractions	Longwood Park	6050 Longwood Run Blvd	ChIJN_N1oy4_w4gRCswGSGFlwVY
attractions	Manatee Encore Rv Resort - Front Pool	(no address in FSQ)	ChIJ6_Fm5Zk8w4gRlnwJu8-grEQ
attractions	Manatee Performing Arts Center	502 3rd Ave W	ChIJB-QyVtEXw4gRk5F8bn3YV28
attractions	Marie Selby Botanical Gardens	811 S Palm Ave	ChIJPTvxtmpAw4gReToYD5mTNwE
attractions	Marina Jack Yacht Basin	2 Marina Plz	ChIJGbcy5aVBw4gRc9sRCtiPh6M
attractions	Marsh Harbor Marina	4103 13th Street Ct W	ChIJr3FL13YXw4gRTqRzCvtDjzA
attractions	Maxine Barritt Park	1800 Harbor Dr S	ChIJg1HuP9xbw4gRs9PHCFmC4VU
attractions	McKibben Park	5500 Trekell St	ChIJ46hkCFKr3IgRYeY52WzyILI
attractions	Moccasin Wallow Golf Club	9680 Buffalo Creek Rd	ChIJgTrJSr0jw4gRhhdNk-hyIQw
attractions	Myakka City	(no address in FSQ)	ChIJGdxqnk40w4gRQXdoAR4ThK8
attractions	Neal Preserve	12301 Manatee Ave W	ChIJ70cZMQIRw4gRKMQdhqFMqV0
attractions	Neville Marine Preserve	(no address in FSQ)	ChIJlxmvm6hDw4gRqN5ExwCJfbU
attractions	Nokomis Beach Drum Circle	100 Casey Key Rd	ChIJVashkXxbw4gR9GKkxkLv_Y0
attractions	Nokomis Beach Drum Circle	100 Casey Key Rd	ChIJPfHzt4Nbw4gReInyfaTUn2Y
attractions	Oaks Park	5430 Mandrake Ter	ChIJmUs9n9Ws3IgRcxkjF9wta-s
attractions	Old Miakka School House	15800 Wilson Rd	ChIJjUHOiWVKw4gR8B6UfaCzujw
attractions	Old Prairie Campground Site #38	(no address in FSQ)	ChIJ-1teTk1Jw4gRA-cLBJK4oug
attractions	Oscar Scherer State Park	Hwy 41	ChIJpSsncQ5Fw4gRPwZCzCeVvgU
attractions	Palma Sola Botanical Park	9800 17 th Avenue NW	ChIJieaBrMgQw4gR5Bwyah-XE_U
attractions	Palma Sola Park	7915 40th Ave W	ChIJvVS5lOgXw4gRRa2OzWpQPV4
attractions	Parrot Cove Marina	11510 36th Ave W	ChIJyQjYthQRw4gROh_14rTOmd8
attractions	Payne Park	2050 Adams Ln	ChIJn61r9WVAw4gRXOJtD8DSQt4
attractions	Perico Preserve	11700 Manatee Ave W	ChIJkasGmR0Rw4gROhuiN0N8Zdo
attractions	Potter Park	8587 Potter Park Dr	ChIJiTMReo1Dw4gRNXP8-5NsE2I
attractions	R & R Yacht Service	764 S Tamiami Trl # 4	ChIJZQ9Y7GdDw4gRREcf4Q2D9eA
attractions	Ray's Canoe Hideaway	1289 Hagle Park Rd	ChIJKxTlAQcww4gRNUXvlac64vc
attractions	Red Bug Slough	5200 Beneva Rd	ChIJ1eqMbxNBw4gRC0e1cpyN2BM
attractions	Ridgewood Estates	3461 Stephanie Ln	ChIJ6WsFqrQ8w4gRyGj69jd_Vy4
attractions	Ritz-Carlton Members Golf Club	15150 70th Ter E	ChIJawGoo-c5w4gRnAcykDdzjfw
attractions	Riviera Dunes Marina	102 Riviera Dunes Way	ChIJl7bsJGE9w4gROHoQ8-OZGaU
attractions	Roberts Bay Marina	1103 Tarpon Center Dr	ChIJS14Lh5xbw4gR_v6gQXj951s
attractions	Royal Coachman Resort Pool	(no address in FSQ)	ChIJa9ThIiNbw4gRyE1s5YxaGPw
attractions	Safe Harbor Pier 77	12312 Manatee Avenue W	ChIJRZoddZARw4gRdRyp78_nAHg
attractions	Sara Bay Marina	(no address in FSQ)	ChIJXVOkmZEVw4gRW0IQAuiv_yo
attractions	Sarasota Art Museum	1001 S Tamiami Trl	ChIJx1DBNl1Aw4gR6Zi9XjSh7r4
attractions	Sarasota Jungle Gardens	3701 Bay Shore Rd	ChIJ_37IauQ_w4gRz03lc0QInIE
attractions	Sarasota Opera House	61 N Pineapple Ave	ChIJ6_YRRRJAw4gRE5XF42pZOxo
attractions	Sarasota Sailing Squadron	1717 Ken Thompson Pkwy	ChIJ_Qs8ILtqw4gR0HMP1EcG1B8
attractions	Sarasota Ski-A-Rees	1602 Ken Thompson Parkway	ChIJWaZHn75qw4gR-H0nesdVwDA
attractions	Sarasota Yacht Club	1100 John Ringling Blvd	ChIJ04mh55tqw4gRdpzbWnOGyJk
attractions	Shamrock Park Nature Center	3900 Shamrock Dr	ChIJz7YUx3lZw4gRJeIPONRtRbg
attractions	Sky Zone Trampoline Park	6180 Edgelake Dr	ChIJActdBh1Hw4gRVNFiwULcrwM
attractions	Smugglers Cove Adventure Golf	2000 Cortez Rd W	ChIJVeAVXRMWw4gRxZI3_6BnaR0
attractions	Summerfield Community Park	(no address in FSQ)	ChIJJYxpN4M5w4gRjItRU8PSVTU
attractions	The Bay Park	(no address in FSQ)	ChIJLZ2vzRxBw4gRMOtW0ArhBhw
attractions	The Bishop Museum of Science and Nature	201 10th St W	ChIJr7ec9tEXw4gRwicCx3wfH2w
attractions	The Field Club	(no address in FSQ)	ChIJfUQhu7hBw4gRaYzVLf4ssEo
attractions	The Fish Hole	115 Bridge St	ChIJUef37wA5w4gRxP4BpgrjrW0
attractions	The Legacy Trail - McIntosh Parking Lot	McIntosh Rd	ChIJRzUAPopDw4gR8YbL_V5iSWo
attractions	The Pink Gator Cafe	Myakka Myakka State Park Rd	ChIJj8RObptLw4gRsZS5R4OBd2k
attractions	Tom Bennett Park	400 Cypress Creek Blvd	ChIJ94UF6Jo8w4gRVpCB9EpriwA
attractions	TreeUmph! Adventure Course	21805 State Road 70 E	ChIJx-UjxpU2w4gRdU-iwVM6HW4
attractions	Twin Dolphin Marina	1000 1st Ave West	ChIJVf156NEXw4gReHNCLW9VBF4
attractions	Van Wezel Performing Arts Hall	777 N Tamiami Trl	ChIJew4bcA9Aw4gR3bU-SA7qAgU
attractions	Venetian River Club	502 Veneto Blvd	ChIJx-9K4hhQw4gRGlGNe2-FJPY
attractions	Venice Fishing Pier	Harbor Dr S	ChIJnXtixd5bw4gRrKDqLZC8Dlk
attractions	Venice Performing Arts Center	1 Indian Ave	ChIJ19i72bBbw4gRbAZaOOPhzKE
attractions	Venice Yacht Club	1330 Tarpon Center Dr	ChIJQ75a-Jxbw4gR3lHtoM-JIsc
attractions	Walmart Garden Center	13140 South Tamiami Trail	ChIJ86vBfWVDw4gR32VlLTO-rfE
attractions	Warm Mineral Springs	12200 San Servando Ave	ChIJPXlTqYFTw4gRveHTZWG55DY
attractions	Winter Quarters Manatee RV Resort	800 Kay Rd NE	ChIJuedG6Jk8w4gRrx3Rc-3ufQ0
attractions	Winterset RV Resort	8515 US Highway 41 N	ChIJnc3y910iw4gRMpl1WF7KT3s
attractions	ellenton gardens	(no address in FSQ)	ChIJY9wgTUwjw4gRN99NsZ4jw7Q
beaches	Beer Can Island	(no address in FSQ)	ChIJRVIh8swTw4gRd4IN3N4R8vw
beaches	Brohard Paw Park/Beach	1600 Harbor Dr S	ChIJg-xDYNxbw4gRqhiY424rrNI
beaches	Caspersen Beach Park	4100 Harbor Dr.	ChIJ1-Da3XpZw4gRyPAkVf4SSAo
beaches	Coquina Beach	2650 Gulf Dr S	ChIJzzGPjSkRw4gRfecn6X09ufk
beaches	Coquina Beach	2650 Gulf Dr S	ChIJPbX5AxsTw4gROkfgzEmV-5M
beaches	Holmes Beach	4000 Gulf Dr	ChIJaWeoBbURw4gRDYfwKuwOVW0
beaches	Lido Beach	400 Benjamin Franklin Dr	ChIJaW-sUB9rw4gRrQvxVM94nOY
beaches	Manatee Beach	Gulf Drive	ChIJh6_HnNcRw4gR2SpbLik_gEk
beaches	Nokomis Public Beach	100 Casey Key Rd.	ChIJ93GmrXxbw4gRwpdoUmSQPO8
beaches	Palma Sola Causeway	Manatee Ave W	ChIJBbWy1CkRw4gR2nakL2nnFjU
beaches	Point of Rocks	7132 Point of Rocks Cir	ChIJD3tKOCNCw4gR_-Jbam9Vc24
beaches	Service Club Park	1190 Harbor Dr.	ChIJqXOk48Jbw4gRr3On4Tgi36U
beaches	Siesta Beach	948 Beach Rd	ChIJjfu2YPBBw4gRo41o9hwHfmg
beaches	Turtle Beach	8862 Midnight Pass Rd	ChIJ9RsHDcVDw4gRg3ftHUNMwco
beaches	Turtle Beach	8862 Midnight Pass Rd	ChIJp6kyPa1Dw4gR5BhsSYE8pdo
beaches	Turtle Beach	8862 Midnight Pass Rd	ChIJmy-zP61Dw4gR3lJSoG7CBZE
beaches	Venice Beach	101 The Esplanade	ChIJpY1xybu6woARL9_iGplujMI
food	ABC Fine Wine & Spirits	5810 Manatee Ave W	ChIJO_SEvB0Xw4gR-jLEdAo6AMQ
food	ABC Fine Wine & Spirits	1741 S. Tamiami Trail	ChIJt4ErbC9aw4gRCrN8mv_CAHw
food	ABC Fine Wine & Spirits	4250 Aidan Ln	ChIJjz5a-kur3IgRdGyv6pkXHrM
food	ABC Fine Wine & Spirits Lakewood Ranch	11720 SR-64 E	ChIJl0-NCxU7w4gRHhGBEDumh5A
food	Agave Bandido	1550 Lakefront Dr	ChIJ7QsLgxQ5w4gRSLtMON-sOaI
food	Anna Maria Island Beach Cafe	4000 Gulf Dr	ChIJqdXkLDEQw4gRY9A4zDFkRMA
food	Anna Maria Oyster Bar	6696 Cortez Rd W	ChIJ9050DL0Ww4gRquWht0P2vsQ
food	Anna Maria Oyster Bar	1525 51st Ave E	ChIJN3Cny9Y8w4gRolf8PlS1tuU
food	Anna Maria Oyster Bar	6906 14th St W	ChIJV0e-x5MVw4gRM1jn5H1xnYE
food	Applebee's Grill + Bar	17500 Tamiami Trl	ChIJr8q8LbJUw4gRG3yFkVvIbtU
food	Applebee's Grill + Bar	4329 S Tamiami Trl	ChIJ7x6ZVv1Zw4gRP8mtx1cSm84
food	Beef 'O' Brady's	1795 Lakewood Ranch Blvd	ChIJu8Q3S1U6w4gRMXBtKTlZb34
food	Beef 'O' Brady's	1037 N Sumter Blvd	ChIJaUPRO7Ss3IgRpqzxWB6-ucc
food	Blue Tequila	14525 Tamiami Trl	ChIJNfsoZqNUw4gR6HlD3GAKB60
food	Boca	19 S Lemon Ave	ChIJX1LI1hJAw4gRRdjWKorqnr8
food	Bonefish Grill	1681 US Highway 41 Byp S	ChIJL23VRjJaw4gRiN6lvahWoUc
food	BrewBurgers	370 Commercial Ct	ChIJnft8hIBQw4gRJIBTOREb15o
food	BrewBurgers Back Porch	545 Tamiami Trl S	ChIJHQjXublbw4gRXaDKhitUiaw
food	Bridge Tender Inn	135 Bridge St	ChIJV1EQn5wRw4gRL9F20zVGaG4
food	British Open Pub	367 Jacaranda Blvd	ChIJXV0kvYxZw4gR5PXbW--NjN0
food	Buffet City	4444-4540 Bee Ridge Rd	ChIJe-oVS11Bw4gR-m7CFVpDfvE
food	CMX CinéBistro Siesta Key	3501 S Tamiami Trl Ste 1100	ChIJ3-wcgLJBw4gR9UGr_yLsHJY
food	Captain Brian's	8421 N Tamiami Trl	ChIJd9vLWtY_w4gRW4pv1wRMvc4
food	Captain Curt's Crab & Oyster Bar	1200 Old Stickney Point Rd	ChIJg2jnUiFCw4gRiYPUEhJoxhg
food	Captain Eddie's	107 Colonia Ln E	ChIJSd0K6Qtbw4gR3HGprcbDdZY
food	Carrabba's Italian Grill	2106 Cortez Rd W	ChIJuwzbTRMWw4gRth3UhyASdZI
food	Carrabba's Italian Grill	1751 S Tamiami Trl	ChIJf_CxTy9aw4gRHQpGcipmT48
food	Casa-Di-Pizza	4658 E SR-64	ChIJJ3vEovE8w4gR3c2-XGPuF_4
food	Casey Key Fish House	801 Blackburn Point Rd	ChIJvyVmwUBDw4gRGvlxymudmOk
food	Chaz 51 Steak House	549 US Highway 41 Byp N Bird Bay Plaza	ChIJQUARfbBaw4gREvcxVouAQeE
food	Chick-fil-A	5489 University Pkwy	ChIJ2akAz1A5w4gRL7-N7KpY-kk
food	Chick-fil-A	8420 S Tamiami Trl	ChIJJRT-6_VDw4gR-je3X2SVdB4
food	Chick-fil-A	5330 Clark Rd	ChIJJx-MarpGw4gRQ8zoJ8Acx-c
food	Chick-fil-A	5384 Fruitville Rd	ChIJi_fhB1tHw4gRwXcicGfx-gk
food	Chick-fil-A	5206 73rd Ln E	ChIJ9_9Vi_w7w4gRSIVM35yDC6M
food	Chick-fil-A	4311 Manatee Ave W	ChIJ_1KKw-oXw4gRGao51ByvSIc
food	Chili's Grill & Bar	3715 1st St E	ChIJObBe1x8Ww4gRZocRz7u1X2g
food	Chili's Grill & Bar	4289 S Tamiami Trl	ChIJrSfhLf1Zw4gRttvjlSLk1SY
food	Chili's Grill & Bar	5851 Bee Ridge Rd	ChIJwUhU4R9Hw4gRRFEzigOFTZo
food	Chili's Grill & Bar	6010 US Highway 301 N	ChIJXxR-gMw8w4gROq-R4flfSzg
food	China Palace	1581 S Sumter Blvd	ChIJRRefYbGs3IgRKYPaUc1goT0
food	Chipotle Mexican Grill	6020 US Highway 301 N	ChIJzUp9sDUlw4gRI8EqF_nPLI4
food	Chipotle Mexican Grill	17019 Tamiami Trl	ChIJwUX4KLNUw4gRJybcbYLx5Wg
food	Columbia Restaurant	411 Saint Armands Cir	ChIJaTQEjpFqw4gRnHJU2Klfw0o
food	Connors	3501 S Tamiami Trl	ChIJb7aEobJBw4gRpSE1cA2kF48
food	Cooper's Hawk Winery & Restaurant	3130 Fruitville Commons Blvd	ChIJg3dcWgZHw4gRXN7pMNzP_pA
food	Coquina Beach Cafe	2650 Gulf Dr S	ChIJ4azy4NsTw4gRggI1e2ak_Rs
food	Coquina Beach Cafe	2650 Gulf Dr S	ChIJ_SArr7sRw4gRHxAqkNcKTX4
food	Cracker Barrel	445 Commercial Ct	ChIJYyfzl39Qw4gRRSr5_0Mz9qU
food	Cracker Barrel	636 67th Street Cir E	ChIJs8X39n07w4gR0NEp6j5PNdc
food	Dakin Dairy Farm	Myakka City, FL 34251	ChIJB_GKfW81w4gRsCQHi5hjasA
food	Deep Lagoon Seafood and Oyster House	482 Blackburn Point Rd	ChIJc3YAA3NDw4gRCZktbUu7rb8
food	Der Dutchman	3713 Bahia Vista St	ChIJSxtyZcBAw4gRrgOGwbkWXIU
food	Detwiler's Farm Market	1800 US-301, Palmetto, FL	ChIJ1S54gcw9w4gRFyFsgYHVIk0
food	Detwilers Farm Market	6000 Palmer Blvd	ChIJtXqbvWtHw4gROfKsKwXeMJQ
food	Detwilers Farm Market	(no address in FSQ)	ChIJy5Lz3RAVw4gRYzH917BRjxo
food	Detwiler’s Farm Market	2881 Clark Rd	ChIJR6Dvk-BBw4gRuwoeUcPq3xE
food	Dockside Waterfront Grill	509 Tamiami Trl N	ChIJC92qwaVbw4gRKp-yWxz7WU8
food	Driftage	112 Circuit Rd	ChIJvYtWPXtbw4gR4vWll6xKQCM
food	Dry Dock Waterfront Grill	412 Gulf of Mexico Dr	ChIJ38CBz8Vqw4gRg0oFYUGBU_s
food	Ed’s Tavern	1305 108th St E	ChIJIyTzslk7w4gRuKTbaU5sMII
food	Fins At Sharky's	1600 Harbor Dr S	ChIJf5M5VmBZw4gRVHX-dcX1dBk
food	First Watch	17789 Tamiami Trail	ChIJt1Uyz0yr3IgRtexrWXMFlwQ
food	Five Nine Grill & Tavern	5718 Cortez Rd W	ChIJK5PuESkXw4gRdjtAdXN3oO4
food	Floridays Woodfire Grill & Bar	12332 Manatee Ave. West	ChIJzzBXa3ARw4gRk_tU9XEoo3w
food	Food+Beer	301 Tamiami Trl S	ChIJXcci0V5bw4gRR2WIcVnaHV0
food	Ford's Garage (Sarasota UTC)	295 Cattleman Road	ChIJI4ydAC05w4gRT8RszSw6tW0
food	GROVE Restaurant • Patio • Ballroom	10670 Boardwalk Loop	ChIJTRrY-N45w4gRK-gntDx49-o
food	Gecko's	4310 E State Road 64	ChIJH9Womvo8w4gR3b99nAsCHXY
food	Gecko's	351 N Cattlemen Rd	ChIJRcH7zGBHw4gRek5qQU0_8wg
food	Golden Corral	5525 Cortez Rd W	ChIJZWHJSZAWw4gRss54jsuqeZY
food	Gulf Drive Cafe	900 Gulf Dr N	ChIJJWCbj5kRw4gRYkZ7QJ-L91s
food	Hurricane Hanks	5346 Gulf Dr	ChIJdSTXeTYQw4gROh9O-H_R6jQ
food	Jet's Pizza	1159 Sumter Boulevard	ChIJhew1ebas3IgRFpDAAZ0CgNM
food	Joey D’s Chicago Style Eatery & Pizzaria	750 US Highway 41 Byp N	ChIJI_dglQNbw4gRV73g6tBEjMY
food	Ker's WingHouse Bar & Grill	2015 60th Ave E	ChIJqaxUi8w8w4gRroFJlc-sNW0
food	La Rocca Italian Restaurant	US 41	ChIJoXRKj3tUw4gRgPsWZ2vyhZk
food	Leone's Ristorante & Pizzeria	1266 Jacaranda Blvd	ChIJpxzwt6BQw4gRThxF82KXnrA
food	Linger Lodge Restaurant & Bar	7205 85th St. Ct. E	ChIJ7e4ZhRQ5w4gRW7u641t5TI8
food	LongHorn Steakhouse	2020 Gulf Gate Dr	ChIJA3JCTYBBw4gRwNaRTu9qvzM
food	LongHorn Steakhouse	4502 14th St W	ChIJfdPJqREWw4gR-hJl-PrkS3g
food	LongHorn Steakhouse	5440 Fruitville Rd	ChIJa6RVdVtHw4gRAT4NfKfzfnA
food	Marina Jack	2 Marina Plz	ChIJx-U-VRFAw4gRUUDwK8ht44s
food	Marina Jack	2 Marina Plz	ChIJx-U-VRFAw4gR7HuX82hYW8w
food	Max's Table	115 S Tamiami Trl	ChIJ_azYMG5Dw4gRi_ACS_yl7Tw
food	McDonald's	1013 Front Pl	ChIJ9SZW25OpxIgRq8o21aGz648
food	McDonald's	6103 US Highway 301 N	ChIJQzqavss8w4gR9jHi4V7J-TI
food	Mean Deans Local Kitchen	6059 26th St W	ChIJKSZuXtQVw4gRZRqrR4H9HyQ
food	Mi Pueblo El Restaurante Mexicano & Cantina	530 US Highway 41 Byp S	ChIJA4OSg7Rbw4gRM9CT-uJJIwg
food	Miller's Ale House	7175 SR 64 East	ChIJwWwvkhQ7w4gR9027YGlQngE
food	Myakka Outpost	13208 State Road 72	ChIJEUM6S7JOw4gRSeCj4mQQrQ0
food	Nokomos Sunset Hut	690 Tamiami Trl S	ChIJLzrMgQtbw4gRBTcGzUvOtDU
food	O'Leary's Tiki Bar & Grill	5 Bayfront Dr	ChIJOT_lQRRAw4gRs8lym-DXpdc
food	Oak & Stone Artisan Pizza	19795 Wellen Pk Blvd Suite C, Venice, FL 34293	ChIJewgdn-9Xw4gRzTItwoCvOj8
food	Olive Garden	4900 S Tamiami Trl	ChIJy7015LxBw4gRtFtwXgXkNzs
food	Olive Garden	4420 14th St W	ChIJ82ZQGhEWw4gRyW9_GZld-8I
food	Ophelia's on the Bay	9105 Midnight Pass Rd	ChIJs8HMPKxDw4gR8rXHdqdvpmE
food	Original Word of Mouth	1740 E Venice Ave	ChIJSZyKtGVaw4gRkKUbiPqvOVI
food	Outback Steakhouse	4220 S Tamiami Trl	ChIJ526BW-NZw4gRQPCbx4DjKg4
food	Outback Steakhouse	6390 N Lockwood Ridge Rd	ChIJU8B4Xhk_w4gRNVAF5GGoxnA
food	Outback Steakhouse	4510 E State Road 64	ChIJKWb8XfA8w4gRWcTTouVWJ8w
food	Owens Fish Camp	516 Burns Lane	ChIJ5ab4TmtAw4gROiDA30SjNWY
food	PIER 22 Restaurant • Patio • Catering	1200 1st Ave W	ChIJ14i7EM4Xw4gRhmjGq7zknhg
food	Paradise Grill	1097 Tamiami Trl N	ChIJnwu0JUJbw4gRIZf2iK-v3Hs
food	Pelican Alley restaurant	1009 Albee Rd W	ChIJYQvBNHtbw4gRSCK5PtTNoSo
food	Pie-licious Bake Shoppe	3597 Froude St	ChIJE7ynktys3IgRvIzEONDaRaI
food	Pineapple Tequila	1661 US Highway 41 Byp S	ChIJzfIRvHFbw4gRv4_q0g_NW1A
food	Plaza Mexico	405 US Highway 41 Byp N	ChIJA-Xqeqxbw4gRwhQv_J0vk-c
food	Publix	2875 University Pkwy	ChIJT2tT7QM_w4gRuD7XeYf3wJE
food	Publix	9520 Buffalo Rd	ChIJWyTNmKojw4gR_ewI6bzBwno
food	Publix	9005 US Highway 301 N	ChIJ0Vh5xwQlw4gRUkzovw05cVc
food	Publix	11635 Moccasin Wallow Rd	ChIJW2dc_U0lw4gRGJnEmdM3Nyo
food	Publix	6543 S Tamiami Trl	ChIJQYFBq4FBw4gRV-7sp5QAw5Y
food	Publix	3900 E Bay Dr	ChIJKdSqcLQRw4gRYVfk3NPAZLk
food	Publix	1755 Lakewood Ranch Blvd	ChIJu8Q3S1U6w4gRDMC8rGNpl_8
food	Publix	5001 E State Road 64	ChIJ28Mv-vI8w4gRnWZgLT-w1fg
food	Publix	345 Jacaranda Blvd	ChIJsenI3axbw4gRYnRiChjLMmM
food	Publix	1044 N Tamiami Trl	ChIJu0I8_QtAw4gRtJ68urETyEo
food	Publix	11245 US Highway 301 N	ChIJO8mh7Okkw4gREs2jIJ130W4
food	Publix	3913 Manatee Ave W	ChIJ09fxHtoXw4gRuzQ80PmhU1w
food	Publix	17179 Tamiami Trl	ChIJXwwQtU6r3IgR2rg7xGTgHJU
food	Publix	4651 Cortez Rd W	ChIJjxNwTogWw4gRAaZttP7DxxU
food	Publix	1291 S Sumter Blvd	ChIJbfJDTbGs3IgR3f-3-uk5EbU
food	Publix	4173 S Tamiami Trl	ChIJH31YUOVZw4gRCgQCsiBTiVU
food	Publix	12165 Mercado Dr	ChIJR_ueV21Xw4gRAGMocvWUEEk
food	Publix	1101 8th Ave W	ChIJGeqcQ-8Xw4gRLfFiayeTvU8
food	Publix	7310 Manatee Ave W	ChIJ8XaWeScXw4gR6ZbDACeHWNo
food	Publix Super Market at Nokomis Village	1091 Tamiami Trl N	ChIJFchxnEFbw4gRlwnBC1XrfRQ
food	RJ Gator's of Bradenton	6100 Cortez Rd W	ChIJJ0wq4pYWw4gRUIz19snZRCY
food	Riviera Dunes Dockside	102 Riviera Dunes Way	ChIJrWytXbkXw4gRh8xq_NK9Bk8
food	Rocco’s Tacos	243 N Cattlemen Rd	ChIJ70O3wxY5w4gRNF6OmOiNvNc
food	Rosebuds Steak & Seafood House	2215 S Tamiami Trl	ChIJwZjbE6pEw4gRYeb5WWJskrI
food	Ruth’s Chris Steak House	6490 University Pkwy	ChIJ60uXoV05w4gR2o60qHRSa8A
food	Salt	2519 Gulf Dr N	ChIJVTqP7P0Rw4gRHwvT1QVnPiE
food	Shark Tooth Beach Concessions	208 S Casey Key Rd	ChIJH0EoYHtbw4gRhjt1Pbf0bos
food	Shore Longboat Key	800 Broadway St	ChIJp_6XL2kTw4gRCB4RMr4mWDM
food	Sixty East	(no address in FSQ)	ChIJBV_Rwcw8w4gRhW_wUsV5PB0
food	Skinny's Place	3901 Gulf Dr	ChIJrdwEqrURw4gRLAb8rKRkYqQ
food	Small Town Creamery	5404 Marina Dr	ChIJ7ZY2bDYQw4gRmCzFECWU8e8
food	Sonny's BBQ	631 67th Street, Circle E	ChIJ2bpkDII8w4gR29ZVaeTetfg
food	Starbucks	1183 Tamiami Trl N	ChIJue_k3Z5bw4gRkFn2SWQmNT4
food	Starbucks	(no address in FSQ)	ChIJfZ2-5Oit3IgR67ht6RR4iow
food	Starbucks	6285 US Highway 301 N	ChIJCTw8qAE9w4gRV4bsIMbQ2H8
food	Stottlemyer's Smokehouse	19 East Rd	ChIJw8sn-INHw4gR06G2jufK8DI
food	Subway	1433 S Sumter Blvd	ChIJZWvpWrGs3IgRELQcg8_TlxU
food	Swordfish Grill	4628 119th St W	ChIJtdOV03ERw4gRGXAX7OPPQ1M
food	Taco Bell	4998 Centerview Ln	ChIJbzwtoHhVw4gRNK_cEHfT3YQ
food	Target	5350 Fruitville Rd	ChIJ093q6VpHw4gRjB4OzJwOZRc
food	Target	101 N Cattlemen Rd	ChIJQX7siuc4w4gR22-CSpBo7x8
food	Taverna Toscana	1301 6th Ave W	ChIJy29rEhkXw4gR3YJJ9Ru6PoU
food	Texas Roadhouse	5710 Ranch Lake Blvd	ChIJO0aijF85w4gRXj8ymtvPNIo
food	The Banyan House Restaurant	19725 Wellen Park Blvd	ChIJy1RR0IpXw4gRCIehpFRKxbg
food	The Cheesecake Factory	130 University Town Center Dr	ChIJZ0W_vt04w4gRlbOczIeB2k0
food	The Lazy Lobster Of Longboat Key	5350 Gulf of Mexico Dr	ChIJWX9OfIQTw4gRx1EvEznuHaQ
food	The Old Salty Dog	1485 Tamiami Trl S	ChIJEzunysxbw4gRQwVxMMYYNQw
food	The Parrot Patio Bar & Grill	3602 Webber St	ChIJm1f5sGdBw4gRKr5LjqNJuYo
food	The Ugly Grouper	5704 Marina Dr	ChIJDQyXuTcQw4gRqVCZdWVocEQ
food	Total Wine & More	8539 Cooper Creek Blvd	ChIJ9UNoVd44w4gRt-M-ID7R4S0
food	Total Wine & More	8280 S Tamiami Trl	ChIJ5RkhsOpDw4gR6yLaGtQ8nX0
food	Turtles Restaurant	8875 Midnight Pass Rd	ChIJfx49kLJDw4gRLik-OXE9PPg
food	Twin Peaks	(no address in FSQ)	ChIJjwUZ8htHw4gR6-xAgrevYLM
food	Waffle House	1385 Grand Venture Dr	ChIJcX87JKWt3IgRLci5Ik1YAcU
food	Waffle House	1385 Grand Venture Dr	ChIJVeSEIgCKR4gRAUs3NiSzCeU
food	Walmart Neighborhood Market	3560 Bee Ridge Rd	ChIJMzw7oR9Bw4gRv5lesxDVWGw
food	Walmart Neighborhood Market	1100 S Main St	ChIJbQNDy7es3IgRW5CMcoFasOA
food	Walmart Neighborhood Market	5401 Palmer Crossing Cir	ChIJJa2F9rpGw4gRz3TnWxkF6jo
food	Walmart Neighborhood Market	3500 N Tamiami Trail	ChIJrynCZu8_w4gR8rDlKGcCg90
food	Walmart Supercenter	4381 Cattlemen Rd	ChIJSyV70OZGw4gR24GvPAAirZs
food	Walmart Supercenter	6225 E State Road 64	ChIJg5rKWoQ8w4gReLqtLt8OfXY
food	Walmart Supercenter	5810 Ranch Lake Blvd	ChIJzyCMHF85w4gRLus5Hmi61hg
food	Walmart Supercenter	8320 Lockwood Ridge Rd	ChIJzzni3Bw_w4gRgzofX1W7s_c
food	Walmart Supercenter	13140 South Tamiami Trail	ChIJ61OVnm9Dw4gREtKLkoAN6Yw
food	Walmart Supercenter	508 10th St E	ChIJa6IC_lg9w4gRtBEEGPzimuA
food	Walmart Supercenter	4150 Tamiami Trl S	ChIJK0IviS9Xw4gRGTsdFSYu5XU
food	Walmart Supercenter	5315 Cortez Rd W	ChIJl0XNMo4Ww4gRfko-FDdpT8o
food	Walmart Supercenter	17000 Tamiami Trl	ChIJr8q8LbJUw4gReTAIf9EpQR8
food	Walmart Supercenter	2911 53rd Ave E	ChIJQyZoydA9w4gRT1slfVTtd6k
food	Walt's Fish Market	4144 S Tamiami Trl	ChIJp-xGNrBBw4gReM72FH6f_js
food	Waterfrontoo	2205 Tamiami Trl N	ChIJB_B89VNbw4gRCChZFDlig0U
food	Wawa	5321 Clark Rd	ChIJz4kkIbpGw4gRkWtCPogTW5A
food	Wawa	5208 University Pkwy	ChIJNaLB_dk4w4gRSrWtMKOcqFk
food	Wawa	14560 Chancellor Blvd # 5345	ChIJiehb7Eir3IgRT3DajwKRheQ
food	Wawa	10807 SR 64 E	ChIJbZts7kI7w4gR8v6D69csQt8
food	Whole Foods Market	5298 University Pkwy	ChIJb4Nc-dk4w4gRBAKqAMOLg28
food	Whole Foods Market	1451 1st St	ChIJp3R2lhJAw4gRKDtrxDZI8AM
food	Wicked Cantina	101 7th St N	ChIJR1wTgJkRw4gRmDoByelo734
food	Wicked Cantina Sarasota	1603 N Tamiami Trl	ChIJTWXJPfY_w4gRBPzbUChNM68
food	Wolveshead Pizza & Wings	1837 Lakewood Ranch Blvd	ChIJFdH71Ko7w4gRPzIOKegOlxc
food	Woody's River Roo Pub & Grill	5717 18th St E	ChIJ89v5es48w4gR3A1gqsRwFtI
food	Yard House Sarasota - UTC	115 University Town Center Dr	ChIJ6UfZV4A5w4gRXcJtOJX_4RQ
food	Yoder's Restaurant	3434 Bahia Vista St	ChIJIwZqEutAw4gR-1cOUgiln24
food	Zios	1221 S Sumter Blvd	ChIJ0YRTCQat3IgRutFcgczYrMM
hotels	Americas Best Value Inn & Suites North Port	14000 Tamiami Trail	ChIJH5YspaVVw4gR1z6hNJrQup4
hotels	Americas Best Value Inn Bradenton Sarasota	607 67th St Cir E	ChIJvYNHMYI8w4gRsnRqXZkBRqk
hotels	Anna Maria Island Inn	2300 Gulf Dr N	ChIJjRZP47wRw4gRUurwE1ZgRaQ
hotels	Anna Maria Island Resorts	115 3rd St S	ChIJsyHYtvkRw4gReXtbVjrynHo
hotels	Art Ovation Hotel, Autograph Collection	1255 N Palm Ave	ChIJn_4zMBJAw4gRnyPviItiNRs
hotels	Bay Breeze Inn	1526 Tamiami Trl	ChIJp6eGDDEWw4gRkv0ZSe4kSsk
hotels	Beach Club At Siesta Key	(no address in FSQ)	ChIJz5QbcSRCw4gRSXDrF9QQGB4
hotels	Beachcomber In Venice	720 Golden Beach Blvd	ChIJT-zI8upbw4gRMmQKdV_HLLs
hotels	Best Western Plus Ambassador Suites Venice	400 Commercial Ct	ChIJsbdss39Qw4gROz3jKBdAg6s
hotels	Best Western Plus Bradenton Hotel & Suites	648 67th Street Cir E	ChIJGVfX-IE8w4gRX8KO6QLmUs8
hotels	Bungalow Beach Resort	2000 Gulf Dr N	ChIJTXee71MRw4gRpMU2A5Nf1jg
hotels	Calini beach club	1030 Seaside Dr	ChIJF70KeCRCw4gR3pYZk1HGtd0
hotels	Captiva Beach Resort	6772 Sarasea Cir	ChIJ69RB9SRCw4gRqecKrWvfQF4
hotels	Casa Del Mar	4621 Gulf of Mexico Dr	ChIJe6f8jYEUw4gRCll_lYuH3L8
hotels	Casey Key Resort	1650 S Tamiami Trl	ChIJTcMq_VlDw4gRjlox_ETtFr4
hotels	Cedar Cove Resort & Cottages	2710 Gulf Dr	ChIJ7WzbNroRw4gRq5T3dDd75a8
hotels	Comfort Suites	5690 Honore Ave	ChIJ_QplV7dGw4gRTpiFE2yYNCk
hotels	Compass Hotel Anna Maria Sound	12324 Manatee Ave W	ChIJRc3ulAERw4gRR-XKZC-_SQM
hotels	Country Inn & Suites by Radisson, Bradenton-Lakewood Ranch, FL	5610 Manor Hill Lane	ChIJZUcCov07w4gRBJyq1-mizLM
hotels	Courtyard by Marriott Bradenton Sarasota/Riverfront	100 Riverfront Dr. West	ChIJmRgc9NYXw4gRQlAxbX-KlVU
hotels	Even Hotel	6231 Lake Osprey Dr	ChIJsYtTeeM4w4gRRLv8RnmCiTk
hotels	Golden Host Resort	4675 N Tamiami Trl	ChIJ9dwGrz4_w4gR-0pMpk0ly_g
hotels	Hampton Inn & Suites	975 University Pkwy	ChIJDf4oLts_w4gRy2J34JnyrpE
hotels	Hampton Inn & Suites	881 Venetia Bay Blvd	ChIJB2MfPAhbw4gRWUXiZ1R0Whk
hotels	Hampton Inn & Suites	8565 Cooper Creek Blvd	ChIJh0RuWt44w4gR50AvntGV8Xg
hotels	Hampton Inn & Suites	309 10th St W	ChIJVQaaFtIXw4gRDqNclhoqWDI
hotels	Hampton Inn & Suites North Port	5664 Tuscola Blvd	ChIJT3rZ469Uw4gRK1M5B3Cbr_M
hotels	Hilton Garden Inn	8270 N Tamiami Trl	ChIJsUjHE34Vw4gRP0OdD5Is2SI
hotels	Holiday Inn Express & Suites	4450 47th St W	ChIJk6zAA4kWw4gR7mu134NTNgI
hotels	Holiday Inn Express & Suites	5464 Lena Rd	ChIJP5hq9-A7w4gR2_LV__OYiQA
hotels	Holiday Inn Express & Suites Nokomis Sarasota South	206 Albee Rd W	ChIJO-okE21bw4gR7WZduIOK79k
hotels	Holiday Inn Express & Suites Sarasota East - I-75	5730 Gantt Road	ChIJCTdG_NtHw4gR3BC76VMTDcA
hotels	Holiday Inn Express Venice	380 Commercial Ct	ChIJbfHWKX5Qw4gRPhAbPorsNuo
hotels	Home2 Suites by Hilton Lakewood Ranch	6015 Exchange Way	ChIJw_BtBx45w4gRIh7IlYwArNA
hotels	Home2 Suites by Hilton Sarasota I-75 Bee Ridge	6410 Mauna Loa Blvd	ChIJP-PvIANHw4gRdApbE3-oiWE
hotels	Homewood Suites by Hilton	3470 Fruitville Rd	ChIJJX2D2ZlAw4gRyYWV0lOoIIM
hotels	Hyatt Place Sarasota / Lakewood Ranch	6021 Exchange Way	ChIJqftER-I4w4gRWIOCznnHnqM
hotels	Hyatt Place Sarasota/Bradenton Airport	950 University Parkway	ChIJCdzhRds_w4gRgtt02DP25nA
hotels	Inn at the Beach	725 W Venice Ave	ChIJo1plTJdbw4gR0h9pszhsTzU
hotels	Island Breeze	340 Tamiami Trl S	ChIJHQkhLrpbw4gR8JHggY55khQ
hotels	Island Sun Inn	625 Tamiami Trail S, Venice, FL 34285	ChIJBcDh9bdbw4gRyOaF8EDbJtU
hotels	Kentucky Motel	17th Ave W & Tamiami Trail	ChIJM0UTKzIWw4gRSm5JR5EHYDc
hotels	Kompose Hotel	965 University Pkwy	ChIJ-eqe0MQ_w4gRe-4Zary4czk
hotels	Kon Tiki Inn	1487 Tamiami Trl S	ChIJX_DsOjNaw4gRPVqG9dnZ8iU
hotels	Lido Beach Resort	700 Benjamin Franklin Dr	ChIJg-jF3Ihqw4gRNJ0QhK4Ywsg
hotels	Marriot	(no address in FSQ)	ChIJU2Qx24BQw4gR9wu-GZwnPFA
hotels	Motel 6	660 67th Street Cir E	ChIJ-87K9IE8w4gRHTlsuJuFWzY
hotels	Motel 6 Venice FL	281 US 41 Bypass North	ChIJt8zE_qxbw4gRseKK4UWUWJ8
hotels	Palmetto Marriott Resort & Spa	600 US-41, Palmetto, FL 34221	ChIJPdQY5BA9w4gRH7V0a3JvRh4
hotels	Palmetto Riverside Bed & Breakfast	1102 Riverside Dr	ChIJgZJ4zsMXw4gRr1pQnjBfkyQ
hotels	Pool @ Hampton Inn Ellenton/Bradenton	(no address in FSQ)	ChIJ33HyU8w8w4gRvymJsl3cseA
hotels	Quality Inn	5778 Clark Rd	ChIJ-_vXlL1Gw4gRyP6-bXESP7A
hotels	Ramada by Wyndham Sarasota Waterfront	7150 N Tamiami Trl	ChIJ_1W8M5AVw4gRRBIwOhNShU4
hotels	Red Roof Inn Ellenton	4915 17th St E	ChIJX6QIx9Y8w4gReQx67QrCz24
hotels	Sea Club V	6744 Sarasea Cir	ChIJHVHffiNCw4gRWFE7oOGiNAE
hotels	Siesta Sands Beach Resort	1010 Point of Rocks Rd	ChIJt5P_hCRCw4gRg6Y5hsctM2w
hotels	Silver Sands Gulf Beach Resort	5841 Gulf of Mexico Dr Ste A	ChIJz5TQ0pYTw4gR83K9EyRe80k
hotels	SpringHill Suites by Marriott Bradenton Downtown/Riverfront	102 12th St W	ChIJq4KWDc4Xw4gRJ_ZVutHZh3I
hotels	Sun Outdoors Sarasota	7125 Fruitville Rd	ChIJiUH9VYFHw4gRafiCP4AhW64
hotels	Sunrise Inn	668 67th St Cir E, Bradenton, FL 34208	ChIJb0bfhYE8w4gR6EXnEX38tAc
hotels	Suntan Terrace	117 Casey Key Rd	ChIJ11G8j3tbw4gRoPyXlmEh7mQ
hotels	Super 8	5218 17th St E	ChIJ30hX19M8w4gR7p0wd0Mscpw
hotels	The Resort at Longboat Key Club	220 Sands Point Rd	ChIJqZAQtMVqw4gRQSMDzhntYY4
hotels	The Ritz-Carlton, Sarasota	1111 Ritz-Carlton Drive	ChIJRxeQRxBAw4gRi93tRdpVyX0
hotels	The Sarasota Modern, a Tribute Portfolio Hotel	1290 Boulevard Of The Arts	ChIJEfkg0A1Aw4gRaUdlFUu85bA
hotels	The Westin Sarasota	100 Marina View Dr	ChIJQzeGphFAw4gRUVSuNnIkJT4
hotels	Tortuga Inn Beach Resort	1325 Gulf Dr N	ChIJtZv7F5gRw4gRQygwlwjeArE
hotels	TownePlace Suites by Marriott Sarasota Bradenton West	5451 Cortez Rd W	ChIJg6L5LJAWw4gRWfpjVd_rTPw
hotels	Towneplace Suites by Marriott	2986 Executive Dr	ChIJCXyITIdQw4gRo9fHGjbfmkE
hotels	Tropical Beach Resorts	6717 Sarasea Circle	ChIJp9x9XSRCw4gRdvhP9hbyu0k
hotels	Tropical Villas Of Venice Beach	505 Menendez St	ChIJOVlxm71bw4gRExkYoPxW28c
hotels	Tru by Hilton	5510 Manor Hill Ln	ChIJd_iPrv07w4gRfBSjYDKmqjM
hotels	Turtle Beach Campground	8862 Midnight Pass Rd	ChIJlfhHga1Dw4gRHiBwxSG_UUk
hotels	Turtle Beach Resort	9049 Midnight Pass Rd	ChIJZ-qKNKxDw4gRAhsMoqYD19s
hotels	Turtle Crawl Inn	4235 Gulf of Mexico Dr	ChIJ1YsBsoQUw4gRmH5vlV6tQEI
hotels	VOCO Sarasota	1223 Boulevard of the Arts	ChIJ-0P9ZA5Aw4gR71lS69AigVA
hotels	Venice Beach Villas	501 W Venice Ave	ChIJQW1jN71bw4gRgw6bv5lW_dA
hotels	Warm Mineral Springs Motel	12597 Tamiami Trl S	ChIJNx_mOHxUw4gRW_dbjdLGEJg
hotels	Zota Beach Resort	4711 Gulf of Mexico Dr	ChIJpYzyJX4Tw4gR7Eisirbe6xI
nightlife	1592 Wood Fired Kitchen & Cocktails	1592 Main St	ChIJr1xnGG1Aw4gRgQvFL3emTcI
nightlife	Applebee's Grill + Bar	5908 18th St E	ChIJZdLIPMw8w4gRvJ4orrz3iRM
nightlife	Arcade Monsters Lido Beach	326 John Ringling Blvd	ChIJJ1O7nANrw4gRH8y1qHMjpRs
nightlife	Beef 'O' Brady's	8913 US 301 North	ChIJm3mgIqYkw4gR-7sq0vNGiMQ
nightlife	Buffalo Wild Wings	18379 Tamiami Trl	ChIJXc3D8YZUw4gRUDoWwf_-5kw
nightlife	Bunker Hill Vineyard & Winery	8905 Bunker Hill Rd	ChIJp06QT0KKdYgRQTDXmi2GC4Y
nightlife	Clasico	1341 Main St	ChIJ9wI8shNAw4gRtX6n6ntWKaE
nightlife	Duffy's Tavern	5808 Marina Dr	ChIJRx84mDcQw4gRKtrCMDQYYu4
nightlife	Ed's Tavern	10719 Rodeo Dr	ChIJB8ystAE5w4gRJqnBOZatjbo
nightlife	Evie's at Spanish Point	131 Bayview Dr	ChIJ6YrsjG1Dw4gRx2n3asrY5CI
nightlife	Freckled Fin Irish Pub	5337 Gulf Dr	ChIJSanPezYQw4gRQ_J4ZhPSxsE
nightlife	Good Liquid Brewing Company	1570 Lakefront Dr	ChIJyYi3Yw4Ww4gRaJbXtbjk_oc
nightlife	Island Time Bar And Grill	216 85th St	ChIJ_U2dP5sRw4gR-_tmR-8YCik
nightlife	Linksters Tap Room	4371 Aidan Ln	ChIJiRsFj0ur3IgROoiLcn_dCXw
nightlife	Linksters Tap Room South	8764 S Tamiami Trl	ChIJcwaOPJRDw4gR_iEMiBGBggI
nightlife	Loaded Cannon Distillery	3115 Lakewood Ranch Blvd	ChIJ989G5wU7w4gRn7UHu-cuzJo
nightlife	Mattison's Riverwalk Grille Bradenton	101 Riverfront Boulevard Ste 120	ChIJ2SjpRNYXw4gR5JpR_vrc0As
nightlife	Miller's Ale House - Sarasota	3800 Kenny Dr	ChIJ2dJQTh5Hw4gRjGYbxXAKzH0
nightlife	Motorworks Brewing	1014 9th St W	ChIJBR7CQS0Ww4gRtrYOql8YY5Y
nightlife	O'Bricks Irish Pub & Martini Bar	427 12th St W	ChIJqQsqj80Xw4gRev0L3y4_-lM
nightlife	Oak & Stone	5405 University Pkwy	ChIJASGZttk4w4gRJaBZXzV3-Fw
nightlife	Oldies Pub	12500 Tamiami Trl S	ChIJtyUYYnxUw4gRAbbgvvbtUHA
nightlife	Peggys Corral	4511 US Highway 41 N	ChIJUUIQJqciw4gR5o8AzOxiMRs
nightlife	Pop's Sunset Grill	112 Circuit Rd	ChIJvYtWPXtbw4gRsWlOnut5anE
nightlife	Scotty's Pub	14530 Tamiami Trl	ChIJhwFSSaNUw4gR9L4lfAlr8Hw
nightlife	Seasons 52	170 University Town Center Dr	ChIJMUIBZec4w4gRDF221EwsnpA
nightlife	Sharky's On the Pier	1600 Harbor Dr S	ChIJnXtixd5bw4gRxq8VhqIqo3I
nightlife	Siesta Key Oyster Bar	5238 Ocean Blvd	ChIJZ1H_nAlqw4gR_UpQduXUfGg
nightlife	Speaks Clam Bar	8764 State Road 70 E	ChIJMcjFv2E5w4gRtdGiiHV-saw
nightlife	T. J. Carney's	231 W Venice Ave	ChIJJf-bNbtbw4gRHZIUmtfxsIM
nightlife	The Doctor's Office	5312 Holmes Blvd	ChIJ60T1ZDYQw4gRNKW_LKTOnL0
nightlife	The Gator Club	1490 Main St	ChIJxxfE0BJAw4gRfwZZylL_Q-A
nightlife	The Greyson	(no address in FSQ)	ChIJc4nsMiojw4gRqqf6JDsI3GU
nightlife	The Kokonut Hut	900 Gulf Dr N	ChIJSwkmjpkRw4gRSkHtkHlTv_U
nightlife	The O Bar	748 S Tamiami Trl	ChIJC9QC_CBDw4gRFWrFJumJ1q8
nightlife	The Point	Bayview Dr	ChIJaZ8tIKZDw4gRP-YZWJzb2jY
nightlife	Tide Tables Restaurant and Marina	12507 Cortez Rd W	ChIJ6fLbnXYRw4gRoW_2igruY88
nightlife	Venice Train Depot	303 E Venice Ave	ChIJoTIjN65bw4gRDOEwKSfIDs8
nightlife	Whitney’s Bodega & Bar	6900 Gulf Of Mexico Dr	ChIJeyPculwTw4gRbxuhyyX74rE
nightlife	mad moe's	106 N Tamiami Trl	ChIJOYShpHFDw4gRUEvjMqj0m0M
other	Acapulco	1833 Lakewood Ranch Blvd	ChIJX_a2Lcs7w4gRj3zlO9JEo6Q
other	BOATHOUSE ON LONGBOAT K	410 Gulf Of Mexico Dr	ChIJEQi1U8Rqw4gR_BnqV7y24uo
other	Bridge Street Pier Tours	135 Bridge St	ChIJZ93lH_oRw4gRdGz9kIY-QVo
other	Burlington	1099-1335 S Tamiami Trail	ChIJzQYloRAWw4gRh7Fhdk-Tzqc
other	Covered Bridge Estates	6350 Shenandoah Cir	ChIJdVapFDkjw4gRXU-xM02DDD8
other	Epiphany Cathedral	310 Sarasota St	ChIJhaIxXaNbw4gRTOeKz2fPVpI
other	Faling Construction	856 Brentwood Dr	ChIJk-n5O1NQw4gRGRmPFDl5nlY
other	Fisherman's Cove RV Resort	100 61st St E	ChIJK1vVN3QYw4gRMbdgovVwIAQ
other	Floor & Decor	8415 Lockwood Ridge Rd	ChIJ8VNZjBw_w4gRNiwzLSokOBg
other	Hilton	227 Albee Rd W	ChIJw-okY21bw4gRK62eYya724Y
other	Hilton	202 N Tamiami Trl	ChIJfYV_5RFAw4gRoWMEc-mBd6I
other	Hilton	305 N Cattlemen Rd	ChIJyQA0K904w4gRxaM8sEe5I6o
other	IFixandRepair - University Town Center	140 University Town Center Dr Unit 172	ChIJHcu6u2BHw4gRDKuRC9sow20
other	Ikoi Sushi & Hibachi	1471 S Sumter Blvd	ChIJg3roavWt3IgRAbW2bfOH-Aw
other	Island Discount Tackle	5503 Marina Dr	ChIJ_yn8MDYQw4gRZlNcMl-vgyc
other	Kingdom Builder Handyman Services	3216 Chipley Ave	ChIJiXTZBRyt3IgR3UwxpAQaIpI
other	MarineMax	1485 S Tamiami _r	ChIJ829SSTNaw4gRU6BwyrnEc5Y
other	MarineMax	1485 S Tamiami _r	ChIJp4n8qOZbw4gReS_BOP-Ki3E
other	Palma Sola	1606 Palma Sola Blvd	ChIJJV9NKNIWw4gREGKT4PLKbVE
other	Pelican Cove Condominium Association	1615 Pelican Point Dr	ChIJt4XIE7FDw4gRyBCnBYGVSWY
other	Safe Harbor Siesta Key	1265 Old Stickney Point Rd	ChIJ59-__CZCw4gRzXUvtAcE-bU
other	Terra Siesta Co-Op	3502 Patricia Pl	ChIJM7GyrFAjw4gRjYS7KY20BQ4
other	The Beach Shop	11904 Cortez Rd W	ChIJ41g3Dm4Rw4gRHB0BArvuO_A
other	Tropic Isles Co-Op, Inc.	3100 10th St W	ChIJEbK_wJ4Xw4gRRZsLjrvJLWY
other	Venice Shopping Center	501 Tamiami Trl # 555	ChIJhSykt7lbw4gRevdY3JXPtaU
other	Voting at St Bernard Catholic Church	248 S Harbor Dr Holmes Beach, Fl 34217	ChIJy45YJUsQw4gRP3zP1dHJrKY
other	Voting at Twin Lakes Park	(no address in FSQ)	ChIJ8SekLo9Gw4gR81Gftma1QvU
other	voting @ Shadowbrook	38th ave east	ChIJLSCXKHcjw4gRAr3pXqHJPVY
shopping	7-Eleven	2751 N River Rd	ChIJ_1LVDPtRw4gR2LCJiC3PoeY
shopping	7-Eleven	1011 S Sumter Blvd	ChIJJ9LzmLas3IgRbyd2h9G3gfY
shopping	Ace Hardware	9516 Cortez Rd W	ChIJPyvEqIARw4gRxj5IgR5ILRw
shopping	Ace Hardware	7028 Us Highway 301 N	ChIJ8RMgzLQ8w4gR_y9VC-tOgsI
shopping	Alvin's Island	3602 E Bay Dr	ChIJVTHzC7QRw4gRTqoG4Rljw6s
shopping	Anthony's Ladies Apparel	1087 N Tamiami Trail	ChIJyyTum0Fbw4gRLNLDzEKJp7c
shopping	At Home	6126 US Highway 301 N	ChIJCUb7Ie49w4gR-C9UGz6bIe0
shopping	BJ's Wholesale Club	8085 Cooper Creek Blvd	ChIJMxR-xx85w4gRK3VcX8JFeo0
shopping	Barnes & Noble	4010 S Tamiami Tr	ChIJlWs4lLFBw4gR9BsMeWQIV2Q
shopping	Bath & Body Works	7350 Cortez Rd W	ChIJX2J-OnMXw4gRh3QLydiW620
shopping	Best Buy	4210 14th St W	ChIJ0WjZqxYWw4gRHg-q9wlPyME
shopping	Best Buy	4020 S Tamiami Trl	ChIJh9rB8rFBw4gRh5GcKmQXP8A
shopping	Best Buy	135 N Cattlemen Rd	ChIJ93sEo9w4w4gRhG9pHN1052o
shopping	Burlington	8372 S Tamiami Trl	ChIJGbRfDPRDw4gRwOZjm53OBko
shopping	Burlington	(no address in FSQ)	ChIJCyle3XRbw4gRJuJUfsJeHi4
shopping	Burlington	3941 Cattlemen Rd	ChIJwz9oSOBGw4gRMrFlQuYW30U
shopping	Cabinetree Kitchen & Bath Design	1955 S Tamiami Trl	ChIJY7kCFjZaw4gRsucK4FaNfq0
shopping	Cocoplum village shops	(no address in FSQ)	ChIJFXRa4Zer3IgRPntC5Hf0gRg
shopping	Costco	8201 S Tamiami Trl Unit 501	ChIJO7xcRupDw4gRatQr7ftc7ek
shopping	Costco	805 Lighthouse Dr	ChIJG1ob2Xo7w4gRmCW8qbgDdek
shopping	Creekside Commons	(no address in FSQ)	ChIJay8TEmElw4gRmgRP3SXl7eM
shopping	DG Ace Hardware	1230 S Tamiami Trl	ChIJQ4YVZVxDw4gRtUO2Bq1ARQw
shopping	Detwiler's Farm Market	6100 N LOCKWOOD RIDGE RD	ChIJ-1_UDBs_w4gRvIMj4gJYjNo
shopping	Dillard's	200 University Town Center Dr	ChIJHeLAGtkAw4gRYmzsUBMCi1w
shopping	Dollar General	8710 Cortez Rd W	ChIJIYQVIoMRw4gRfSklVtmrzIg
shopping	Five Below	7370 Manatee Ave W	ChIJ76H4b2sXw4gRpHomi3yKq6w
shopping	Goodwill Bookstore	(no address in FSQ)	ChIJHUqWJzBbw4gRwNECZd3wVJ0
shopping	Green Turtle Shell & Gift Shop	701 Gulf Dr N	ChIJe2AQh5kRw4gR0UYUSX2bqPc
shopping	Hobby Lobby	8195 S Tamiami Trl	ChIJuSkWlsFDw4gRwRUgOQe1J1w
shopping	Hobby Lobby	18559 Tamiami Trl	ChIJXeTC8YZUw4gRK65d9Bz0m7M
shopping	Hobby Lobby	4490 Cortez Rd W	ChIJ40zXr4kWw4gRFdIObHMMPpQ
shopping	Holmes Beach Ace Hardware	3352 E Bay Dr	ChIJ2S-oVrERw4gRag0g_AVIbOc
shopping	HomeGoods	3748B Bee Ridge Rd	ChIJ790UqSFBw4gRfzFDp0hj5og
shopping	HomeGoods	7134 Cortez Rd W	ChIJqQsClZMXw4gR9Nzod4fbK0A
shopping	HomeGoods	8820 US Highway 301 N	ChIJD_cfb5Qjw4gRJ9PpsI_OdMk
shopping	HomeGoods	450 No. Venice By-Pass	ChIJcSfMo4tbw4gRhw5k1LmPofI
shopping	HomeGoods	450 No. Venice By-Pass	ChIJlYpDFJNZw4gRBwABfaZByO4
shopping	Hudson's Furniture	8796 S Tamiami Trl	ChIJqaxd3pZDw4gRkEu08BURJPY
shopping	Ideal Classic Cars	2224 Tamiami Trl S	ChIJLY-6uJZDw4gR-Pkv4_VCH84
shopping	Island Bazaar	3304 E Bay Dr	ChIJlSiAUbERw4gRQUSsRutg2FI
shopping	Island Trader	5336 Gulf Dr	ChIJecLidjYQw4gRkqHJGwFjkpo
shopping	Kiles Ace Hardware	640 Tamiami Trl N	ChIJh33qKmtbw4gRP6Myxy4UgxM
shopping	Kohl's	3950 Central Sarasota Pkwy	ChIJV4YZw5NDw4gR17QGiy8xZi4
shopping	Kohl's	5205 University Pkwy	ChIJQ0VumiA5w4gROCRdwHm0aqg
shopping	Lowe's	8740 US Highway 301 N	ChIJZQuIlqsjw4gRcUVGY7m9M2o
shopping	Lowe's	7395 52nd Pl E	ChIJuRHMaeM7w4gR5GYQu8_K_5o
shopping	Lowe's	5750 Fruitville Road	ChIJt-7lf11Hw4gRSG7zOcxEOws
shopping	Lowe's	4020 Central Sarasota Pkwy	ChIJj4neYJFDw4gRK-wAua5sBWI
shopping	Lowe's	4012 14th St W	ChIJIyoBkRYWw4gRBjV5xZrNr5U
shopping	Macy's	110 University Town Center Dr	ChIJ-XEZtd04w4gRzH24En9JO1w
shopping	Main Street at Lakewood Ranch	8100 Lakewood Ranch Blvd	ChIJg2IFCAE5w4gRjoL2et_wuBw
shopping	Marshalls	6561 S Tamiami Trl	ChIJycVDq4FBw4gRevt6g-2PVv8
shopping	Marshalls	7224 Cortez Rd W	ChIJ9TSi4roWw4gRnzR-awabfyY
shopping	Marshalls	1679 US 41 Bypass South	ChIJxZHwWBlbw4gR7oSrNs08Lfo
shopping	Marshall’s	(no address in FSQ)	ChIJ8xMIvQ0jw4gRwNXluFKfQeM
shopping	Michaels	(no address in FSQ)	ChIJp_EHDudZw4gRJQkHE9WZD3I
shopping	Nike Factory Store	5195 Factory Shops Blvd	ChIJASKfu8w8w4gRqJ238ljHle0
shopping	Nokomis Beach Bait & Tackle	820 Albee Rd W Ste 1	ChIJ8ectRGVbw4gRoZb5--_5KTo
shopping	Office Depot	1564 US Highway 41 Byp S	ChIJ59qfJzJaw4gREjqZ0WXzRGU
shopping	Office Depot - Tech Services	4026 14th St W	ChIJCxgz4BYWw4gR4o0NgPw8csE
shopping	OfficeMax	3680 S Tuttle Ave	ChIJewO8lgFBw4gRkzNFfMCCYTM
shopping	Old Navy	17979 Tamiami Trl	ChIJTQSlumqr3IgR05KJtnm_80Q
shopping	Ollie's Bargain Outlet	1560 US 41 Bypass	ChIJs9hU7iJbw4gR0sz71Xm2s_c
shopping	Osprey Marina	480 Blackburn Point Rd	ChIJnxza3ENDw4gRvHdrrlrcTFI
shopping	Pelican Plaza Shopping Center	S Tamiami Trail	ChIJSa5jNpVDw4gR7Eqn4mw9IfY
shopping	Pennie Fabrics	8854 S Tamiami Trl	ChIJUXxK1IFBw4gRx3izGYyxGyc
shopping	Perry Ellis - Ellenton Premium Outlets	5649 Factory Shops Blvd Ste 4550	ChIJKYwJVy0jw4gRkXnEq-Or48M
shopping	Publix	13150 SR 64 E	ChIJl_oTcr07w4gRdviPCpmKZEY
shopping	Red Barn Flea Market	1707 1st St	ChIJJ2DbfIc9w4gRM-UmRpZNBeM
shopping	Restore	1400 Ogden Rd	ChIJSYDEtzBaw4gRKxHLUyyKAJ4
shopping	Ross Dress for Less	835 Cortez Rd W	ChIJdZ_tLRoWw4gRxKaTyck1ukE
shopping	Ross Dress for Less	6569 S Tamiami Trl	ChIJiRYSwldBw4gRZcBRSjQbUds
shopping	Ross Dress for Less	18139 Tamiami Trl	ChIJpxPd8YZUw4gRKblbYWe6Tmo
shopping	Sand Dollar	5302 Marina Dr	ChIJ_-7AODYQw4gRvutkx2VqgPI
shopping	Shark Frenzy	262 Tamiami Trl S	ChIJoYj5rttbw4gRWgQu8UrF_7w
shopping	St. Armands Circle	11 S Blvd of the Presidents	ChIJ3VLBF5Jqw4gRkT1TfU3ULd8
shopping	Staples	4291 S Tamiami Trl	ChIJswZqZ_1Zw4gRuqVovJIntJM
shopping	T.J. Maxx	3700 S Tuttle Ave	ChIJq7nelgFBw4gREhlUtHJf90U
shopping	T.J. Maxx	18059 Tamiami Trl	ChIJXeTC8YZUw4gRwoDeKLR9ZKk
shopping	T.J. Maxx	6250 US Highway 301 N	ChIJ25nAD8w8w4gRcwFbaIla38A
shopping	T.J. Maxx	6100 14th St W	ChIJPf49Ue8Vw4gRSJtUWlRwl0Q
shopping	Target	6150 14th St W	ChIJ-4vsM-8Vw4gR1u12UUNmWyk
shopping	Target	8401 S Tamiami Trl	ChIJEfoAMZVDw4gRTeRPyLTTQKs
shopping	Target	4271 Tamiami Trl S	ChIJV7uxH_1Zw4gR9JoGcPT-Bv0
shopping	Tervis Store	928 S Tamiami Trl	ChIJU_04bl1Dw4gRSYE5S9XhKkk
shopping	The Home Depot	2350 Cortez Rd W	ChIJ58qzvWwWw4gRkoz0RoBeZvc
shopping	The Home Depot	4111 Cattlemen Rd	ChIJ5z9KI-FGw4gR90YqQzt7qrU
shopping	The Home Depot	18000 Tamiami Trl	ChIJr8q8LbJUw4gRiBGAEdLeec4
shopping	The Home Depot	5475 University Pkwy	ChIJJeJ5QNk4w4gRD2EgQauc8rk
shopping	The Home Depot	5820 State Route 64 E	ChIJAcI9KYk8w4gRI_bL0hCGU7E
shopping	The Home Depot	2450 Jacaranda Blvd	ChIJ7yfqdvtZw4gR9xiGqkHlgdI
shopping	Tractor Supply Co.	4404 State Rd 64 East	ChIJge9_x4w8w4gRTPz-wtxCWXc
shopping	Tractor Supply Co.	19410 Times Cir	ChIJzf7CTPxRw4gR59i9c-P9Kjk
shopping	Walgreens	3860 Central Sarasota Pkwy	ChIJecwKV5FDw4gRQmkhz_Kz7M8
shopping	Walgreens	5896 Cortez Rd W	ChIJmbBltVoRw4gRbStm0b7XOPw
shopping	Walgreens	1009 N Sumter Blvd	ChIJMUo-nbas3IgRd5TgDwolZLw
shopping	Walgreens	5945 US Highway 301 N	ChIJcUSFc8w8w4gRT2plmGpFmPA
shopping	Walgreens	5800 Bee Ridge Rd	ChIJQVWovt9Gw4gRpFdNn_V6bQ4
shopping	Walgreens	3200 E Bay Dr	ChIJr74LTrERw4gRCT2g2OIAJLw
shopping	Walgreens	1009 N Sumter Blvd	ChIJd9KVJrSs3IgRvx9vbKZxbg0
shopping	Waterside Place	7500 Island Cove Ter	ChIJi43QGNE5w4gRgxvO7rqqJfE
shopping	Wawa	701 1st St E	ChIJEz2aovo8w4gR7-a6QCBaULE
shopping	Wawa	2970 Executive Drive	ChIJLwykE35Qw4gRS50pL4BuL5o
shopping	Wawa	2257 Fruitville Rd	ChIJ1bgQOiNBw4gRaLJEzdXdWgY
shopping	dd's Discounts	3611 1st St East	ChIJp4WizB8Ww4gRF3crUFHihCU
